sigla_acao;nome_acao;snome
AALR3;ALLIAR;AALR3-ALLIAR
AAPL34;APPLE;AAPL34-APPLE
ABCB4;ABC BRASIL;ABCB4-ABC BRASIL
ABEV3;AMBEV S-A;ABEV3-AMBEV S-A
ADHM3;ADVANCED-DH;ADHM3-ADVANCED-DH
AFLT3;AFLUENTE T;AFLT3-AFLUENTE T
AGRO3;BRASILAGRO;AGRO3-BRASILAGRO
ALPA3;ALPARGATAS;ALPA3-ALPARGATAS
ALPA4;ALPARGATAS;ALPA4-ALPARGATAS
ALSO3;ALIANSCSONAE;ALSO3-ALIANSCSONAE
ALUP3;ALUPAR;ALUP3-ALUPAR
ALUP4;ALUPAR;ALUP4-ALUPAR
ALUP11;ALUPAR;ALUP11-ALUPAR
AMAR3;LOJAS MARISA;AMAR3-LOJAS MARISA
AMZO34;AMAZON;AMZO34-AMAZON
ANIM3;ANIMA;ANIM3-ANIMA
APER3;ALPER S.A.;APER3-ALPER S.A.
ARZZ3;AREZZO CO;ARZZ3-AREZZO CO
ATOM3;ATOMPAR;ATOM3-ATOMPAR
ATTB34;ATT INC;ATTB34-ATT INC
AZUL4;AZUL;AZUL4-AZUL
B3SA3;B3;B3SA3-B3
BABA34;ALIBABAGR;BABA34-ALIBABAGR
BAHI3;BAHEMA;BAHI3-BAHEMA
BAUH4;EXCELSIOR;BAUH4-EXCELSIOR
BAZA3;AMAZONIA;BAZA3-AMAZONIA
BBAS3;BRASIL;BBAS3-BRASIL
BBDC3;BRADESCO;BBDC3-BRADESCO
BBDC4;BRADESCO;BBDC4-BRADESCO
BBRK3;BR BROKERS;BBRK3-BR BROKERS
BBSE3;BBSEGURIDADE;BBSE3-BBSEGURIDADE
BCSA34;SANTANDER;BCSA34-SANTANDER
BEEF3;MINERVA;BEEF3-MINERVA
BEES3;BANESTES;BEES3-BANESTES
BEES4;BANESTES;BEES4-BANESTES
BERK34;BERKSHIRE;BERK34-BERKSHIRE
BGIP4;BANESE;BGIP4-BANESE
BIDI3;BANCO INTER;BIDI3-BANCO INTER
BIDI4;BANCO INTER;BIDI4-BANCO INTER
BIDI11;BANCO INTER;BIDI11-BANCO INTER
BIOM3;BIOMM;BIOM3-BIOMM
BKBR3;BK BRASIL;BKBR3-BK BRASIL
BMEB3;MERC BRASIL;BMEB3-MERC BRASIL
BMEB4;MERC BRASIL;BMEB4-MERC BRASIL
BMGB4;BANCO BMG;BMGB4-BANCO BMG
BMKS3;BIC MONARK;BMKS3-BIC MONARK
BNBR3;NORD BRASIL;BNBR3-NORD BRASIL
BOAC34;BANK AMERICA;BOAC34-BANK AMERICA
BOBR4;BOMBRIL;BOBR4-BOMBRIL
BPAC3;BTGP BANCO;BPAC3-BTGP BANCO
BPAC5;BTGP BANCO;BPAC5-BTGP BANCO
BPAC11;BTGP BANCO;BPAC11-BTGP BANCO
BPAN4;BANCO PAN;BPAN4-BANCO PAN
BRAP3;BRADESPAR;BRAP3-BRADESPAR
BRAP4;BRADESPAR;BRAP4-BRADESPAR
BRDT3;PETROBRAS BR;BRDT3-PETROBRAS BR
BRFS3;BRF SA;BRFS3-BRF SA
BRGE3;ALFA CONSORC;BRGE3-ALFA CONSORC
BRGE5;ALFA CONSORC;BRGE5-ALFA CONSORC
BRGE8;ALFA CONSORC;BRGE8-ALFA CONSORC
BRGE11;ALFA CONSORC;BRGE11-ALFA CONSORC
BRGE12;ALFA CONSORC;BRGE12-ALFA CONSORC
BRIV3;ALFA INVEST;BRIV3-ALFA INVEST
BRIV4;ALFA INVEST;BRIV4-ALFA INVEST
BRKM3;BRASKEM;BRKM3-BRASKEM
BRKM5;BRASKEM;BRKM5-BRASKEM
BRML3;BR MALLS PAR;BRML3-BR MALLS PAR
BRPR3;BR PROPERT;BRPR3-BR PROPERT
BRSR3;BANRISUL;BRSR3-BANRISUL
BRSR6;BANRISUL;BRSR6-BANRISUL
BSEV3;BIOSEV;BSEV3-BIOSEV
BTOW3;B2W DIGITAL;BTOW3-B2W DIGITAL
BTTL3;BATTISTELLA;BTTL3-BATTISTELLA
CAMB3;CAMBUCI;CAMB3-CAMBUCI
CAML3;CAMIL;CAML3-CAMIL
CARD3;CSU CARDSYST;CARD3-CSU CARDSYST
CBEE3;AMPLA ENERG;CBEE3-AMPLA ENERG
CCPR3;CYRE COM-CCP;CCPR3-CYRE COM-CCP
CCRO3;CCR SA;CCRO3-CCR SA
CEAB3;CEA MODAS;CEAB3-CEA MODAS
CEBR3;CEB;CEBR3-CEB
CEBR5;CEB;CEBR5-CEB
CEBR6;CEB;CEBR6-CEB
CEDO4;CEDRO;CEDO4-CEDRO
CEEB3;COELBA;CEEB3-COELBA
CEGR3;CEG;CEGR3-CEG
CESP3;CESP;CESP3-CESP
CESP6;CESP;CESP6-CESP
CGAS3;COMGAS;CGAS3-COMGAS
CGAS5;COMGAS;CGAS5-COMGAS
CGRA3;GRAZZIOTIN;CGRA3-GRAZZIOTIN
CGRA4;GRAZZIOTIN;CGRA4-GRAZZIOTIN
CHKE34;CHESAPEAKE;CHKE34-CHESAPEAKE
CHVX34;CHEVRON;CHVX34-CHEVRON
CIEL3;CIELO;CIEL3-CIELO
CLSC4;CELESC;CLSC4-CELESC
CMCS34;COMCAST;CMCS34-COMCAST
CMIG3;CEMIG;CMIG3-CEMIG
CMIG4;CEMIG;CMIG4-CEMIG
CNTO3;CENTAURO;CNTO3-CENTAURO
COCE5;COELCE;COCE5-COELCE
COGN3;COGNA ON;COGN3-COGNA ON
COPH34;COPHILLIPS;COPH34-COPHILLIPS
COWC34;COSTCO;COWC34-COSTCO
CPFE3;CPFL ENERGIA;CPFE3-CPFL ENERGIA
CPLE3;COPEL;CPLE3-COPEL
CPLE6;COPEL;CPLE6-COPEL
CPRE3;CPFL RENOVAV;CPRE3-CPFL RENOVAV
CRDE3;CR2;CRDE3-CR2
CRFB3;CARREFOUR BR;CRFB3-CARREFOUR BR
CRIV3;ALFA FINANC;CRIV3-ALFA FINANC
CRIV4;ALFA FINANC;CRIV4-ALFA FINANC
CRPG5;CRISTAL;CRPG5-CRISTAL
CRPG6;CRISTAL;CRPG6-CRISTAL
CSAB4;SEG AL BAHIA;CSAB4-SEG AL BAHIA
CSAN3;COSAN;CSAN3-COSAN
CSMG3;COPASA;CSMG3-COPASA
CSNA3;SID NACIONAL;CSNA3-SID NACIONAL
CTGP34;CITIGROUP;CTGP34-CITIGROUP
CTNM3;COTEMINAS;CTNM3-COTEMINAS
CTNM4;COTEMINAS;CTNM4-COTEMINAS
CTSA3;SANTANENSE;CTSA3-SANTANENSE
CTSA4;SANTANENSE;CTSA4-SANTANENSE
CVCB3;CVC BRASIL;CVCB3-CVC BRASIL
CVSH34;CVS HEALTH;CVSH34-CVS HEALTH
CYRE3;CYRELA REALT;CYRE3-CYRELA REALT
DASA3;DASA;DASA3-DASA
DIRR3;DIRECIONAL;DIRR3-DIRECIONAL
DISB34;WALT DISNEY;DISB34-WALT DISNEY
DMMO3;DOMMO;DMMO3-DOMMO
DTCY3;DTCOM-DIRECT;DTCY3-DTCOM-DIRECT
DTEX3;DURATEX;DTEX3-DURATEX
EALT3;ACO ALTONA;EALT3-ACO ALTONA
EALT4;ACO ALTONA;EALT4-ACO ALTONA
ECOR3;ECORODOVIAS;ECOR3-ECORODOVIAS
EEEL3;CEEE-GT;EEEL3-CEEE-GT
EGIE3;ENGIE BRASIL;EGIE3-ENGIE BRASIL
EKTR3;ELEKTRO;EKTR3-ELEKTRO
EKTR4;ELEKTRO;EKTR4-ELEKTRO
ELEK4;ELEKEIROZ;ELEK4-ELEKEIROZ
ELET3;ELETROBRAS;ELET3-ELETROBRAS
ELET6;ELETROBRAS;ELET6-ELETROBRAS
EMAE4;EMAE;EMAE4-EMAE
EMBR3;EMBRAER;EMBR3-EMBRAER
ENAT3;ENAUTA PART;ENAT3-ENAUTA PART
ENBR3;ENERGIAS BR;ENBR3-ENERGIAS BR
ENEV3;ENEVA;ENEV3-ENEVA
ENGI3;ENERGISA;ENGI3-ENERGISA
ENGI4;ENERGISA;ENGI4-ENERGISA
ENGI11;ENERGISA;ENGI11-ENERGISA
ENMA3B;CEMAR;ENMA3B-CEMAR
ENMT3;ENERGISA MT;ENMT3-ENERGISA MT
ENMT4;ENERGISA MT;ENMT4-ENERGISA MT
EQPA3;EQTL PARA;EQPA3-EQTL PARA
EQPA6;EQTL PARA;EQPA6-EQTL PARA
EQPA7;EQTL PARA;EQPA7-EQTL PARA
EQTL3;EQUATORIAL;EQTL3-EQUATORIAL
EUCA3;EUCATEX;EUCA3-EUCATEX
EUCA4;EUCATEX;EUCA4-EUCATEX
EVEN3;EVEN;EVEN3-EVEN
EXXO34;EXXON MOBIL;EXXO34-EXXON MOBIL
EZTC3;EZTEC;EZTC3-EZTEC
FBOK34;FACEBOOK;FBOK34-FACEBOOK
FESA4;FERBASA;FESA4-FERBASA
FLRY3;FLEURY;FLRY3-FLEURY
FRAS3;FRAS-LE;FRAS3-FRAS-LE
GBIO33;BIOTOSCANA;GBIO33-BIOTOSCANA
GEOO34;GE;GEOO34-GE
GEPA3;GER PARANAP;GEPA3-GER PARANAP
GEPA4;GER PARANAP;GEPA4-GER PARANAP
GFSA3;GAFISA;GFSA3-GAFISA
GGBR3;GERDAU;GGBR3-GERDAU
GGBR4;GERDAU;GGBR4-GERDAU
GNDI3;INTERMEDICA;GNDI3-INTERMEDICA
GOAU3;GERDAU MET;GOAU3-GERDAU MET
GOAU4;GERDAU MET;GOAU4-GERDAU MET
GOGL34;ALPHABET;GOGL34-ALPHABET
GOGL35;ALPHABET;GOGL35-ALPHABET
GOLL4;GOL;GOLL4-GOL
GPIV33;GP INVEST;GPIV33-GP INVEST
GPRK34;GEOPARK LTD;GPRK34-GEOPARK LTD
GRND3;GRENDENE;GRND3-GRENDENE
GSHP3;GENERALSHOPP;GSHP3-GENERALSHOPP
GUAR3;GUARARAPES;GUAR3-GUARARAPES
HAGA3;HAGA S-A;HAGA3-HAGA S-A
HAGA4;HAGA S-A;HAGA4-HAGA S-A
HAPV3;HAPVIDA;HAPV3-HAPVIDA
HBOR3;HELBOR;HBOR3-HELBOR
HETA4;HERCULES;HETA4-HERCULES
HGTX3;CIA HERING;HGTX3-CIA HERING
HOME34;HOME DEPOT;HOME34-HOME DEPOT
HYPE3;HYPERA;HYPE3-HYPERA
IBMB34;IBM;IBMB34-IBM
IDNT3;IDEIASNET;IDNT3-IDEIASNET
IDVL3;INDUSVAL;IDVL3-INDUSVAL
IDVL4;INDUSVAL;IDVL4-INDUSVAL
IGTA3;IGUATEMI;IGTA3-IGUATEMI
IRBR3;IRBBRASIL RE;IRBR3-IRBBRASIL RE
ITLC34;INTEL;ITLC34-INTEL
ITSA3;ITAUSA;ITSA3-ITAUSA
ITSA4;ITAUSA;ITSA4-ITAUSA
ITUB3;ITAUUNIBANCO;ITUB3-ITAUUNIBANCO
ITUB4;ITAUUNIBANCO;ITUB4-ITAUUNIBANCO
JBDU3;J B DUARTE;JBDU3-J B DUARTE
JBDU4;J B DUARTE;JBDU4-J B DUARTE
JBSS3;JBS;JBSS3-JBS
JFEN3;JOAO FORTES;JFEN3-JOAO FORTES
JHSF3;JHSF PART;JHSF3-JHSF PART
JNJB34;JOHNSON;JNJB34-JOHNSON
JPMC34;JPMORGAN;JPMC34-JPMORGAN
JPSA3;JEREISSATI;JPSA3-JEREISSATI
JSLG3;JSL;JSLG3-JSL
K1SS34;KOHLS CORP;K1SS34-KOHLS CORP
KEPL3;KEPLER WEBER;KEPL3-KEPLER WEBER
KLBN3;KLABIN S-A;KLBN3-KLABIN S-A
KLBN4;KLABIN S-A;KLBN4-KLABIN S-A
KLBN11;KLABIN S-A;KLBN11-KLABIN S-A
LAME3;LOJAS AMERIC;LAME3-LOJAS AMERIC
LAME4;LOJAS AMERIC;LAME4-LOJAS AMERIC
LCAM3;LOCAMERICA;LCAM3-LOCAMERICA
LEVE3;METAL LEVE;LEVE3-METAL LEVE
LIGT3;LIGHT S-A;LIGT3-LIGHT S-A
LINX3;LINX;LINX3-LINX
LIPR3;ELETROPAR;LIPR3-ELETROPAR
LLIS3;LE LIS BLANC;LLIS3-LE LIS BLANC
LOGG3;LOG COM PROP;LOGG3-LOG COM PROP
LOGN3;LOG-IN;LOGN3-LOG-IN
LPSB3;LOPES BRASIL;LPSB3-LOPES BRASIL
LREN3;LOJAS RENNER;LREN3-LOJAS RENNER
LUXM4;TREVISA;LUXM4-TREVISA
MACY34;MACY S;MACY34-MACY S
MCDC34;MCDONALDS;MCDC34-MCDONALDS
MDIA3;M.DIASBRANCO;MDIA3-M.DIASBRANCO
MEAL3;IMC S-A;MEAL3-IMC S-A
MELI34;MERCADOLIBRE;MELI34-MERCADOLIBRE
MERC4;MERC FINANC;MERC4-MERC FINANC
MGEL4;MANGELS INDL;MGEL4-MANGELS INDL
MGLU3;MAGAZ LUIZA;MGLU3-MAGAZ LUIZA
MILS3;MILLS;MILS3-MILLS
MNDL3;MUNDIAL;MNDL3-MUNDIAL
MNPR3;MINUPAR;MNPR3-MINUPAR
MOAR3;MONT ARANHA;MOAR3-MONT ARANHA
MOVI3;MOVIDA;MOVI3-MOVIDA
MRFG3;MARFRIG;MRFG3-MARFRIG
MRVE3;MRV;MRVE3-MRV
MSCD34;MASTERCARD;MSCD34-MASTERCARD
MSFT34;MICROSOFT;MSFT34-MICROSOFT
MTSA4;METISA;MTSA4-METISA
MULT3;MULTIPLAN;MULT3-MULTIPLAN
MUTC34;MICRON TECHN;MUTC34-MICRON TECHN
MYPK3;IOCHP-MAXION;MYPK3-IOCHP-MAXION
NEOE3;NEOENERGIA;NEOE3-NEOENERGIA
NFLX34;NETFLIX;NFLX34-NETFLIX
NORD3;NORDON MET;NORD3-NORDON MET
NTCO3;GRUPO NATURA;NTCO3-GRUPO NATURA
ODPV3;ODONTOPREV;ODPV3-ODONTOPREV
OFSA3;OUROFINO S-A;OFSA3-OUROFINO S-A
OMGE3;OMEGA GER;OMGE3-OMEGA GER
PARD3;IHPARDINI;PARD3-IHPARDINI
PCAR4;P.ACUCAR-CBD;PCAR4-P.ACUCAR-CBD
PEPB34;PEPSICO INC;PEPB34-PEPSICO INC
PETR3;PETROBRAS;PETR3-PETROBRAS
PETR4;PETROBRAS;PETR4-PETROBRAS
PFIZ34;PFIZER;PFIZ34-PFIZER
PFRM3;PROFARMA;PFRM3-PROFARMA
PGCO34;PG;PGCO34-PG
PINE4;PINE;PINE4-PINE
PLAS3;PLASCAR PART;PLAS3-PLASCAR PART
PMAM3;PARANAPANEMA;PMAM3-PARANAPANEMA
PNVL4;DIMED;PNVL4-DIMED
POMO3;MARCOPOLO;POMO3-MARCOPOLO
POMO4;MARCOPOLO;POMO4-MARCOPOLO
POSI3;POSITIVO TEC;POSI3-POSITIVO TEC
PPLA11;PPLA;PPLA11-PPLA
PRIO3;PETRORIO;PRIO3-PETRORIO
PSSA3;PORTO SEGURO;PSSA3-PORTO SEGURO
PTBL3;PORTOBELLO;PTBL3-PORTOBELLO
PTNT4;PETTENATI;PTNT4-PETTENATI
PYPL34;PAYPAL HOLD;PYPL34-PAYPAL HOLD
QUAL3;QUALICORP;QUAL3-QUALICORP
RADL3;RAIADROGASIL;RADL3-RAIADROGASIL
RAIL3;RUMO S.A.;RAIL3-RUMO S.A.
RANI3;CELUL IRANI;RANI3-CELUL IRANI
RANI4;CELUL IRANI;RANI4-CELUL IRANI
RAPT3;RANDON PART;RAPT3-RANDON PART
RAPT4;RANDON PART;RAPT4-RANDON PART
RCSL3;RECRUSUL;RCSL3-RECRUSUL
RCSL4;RECRUSUL;RCSL4-RECRUSUL
RDNI3;RNI;RDNI3-RNI
REDE3;REDE ENERGIA;REDE3-REDE ENERGIA
RENT3;LOCALIZA;RENT3-LOCALIZA
RLOG3;COSAN LOG;RLOG3-COSAN LOG
ROMI3;INDS ROMI;ROMI3-INDS ROMI
RPAD3;ALFA HOLDING;RPAD3-ALFA HOLDING
RPAD5;ALFA HOLDING;RPAD5-ALFA HOLDING
RPAD6;ALFA HOLDING;RPAD6-ALFA HOLDING
RSID3;ROSSI RESID;RSID3-ROSSI RESID
RSUL4;RIOSULENSE;RSUL4-RIOSULENSE
SANB3;SANTANDER BR;SANB3-SANTANDER BR
SANB4;SANTANDER BR;SANB4-SANTANDER BR
SANB11;SANTANDER BR;SANB11-SANTANDER BR
SAPR3;SANEPAR;SAPR3-SANEPAR
SAPR4;SANEPAR;SAPR4-SANEPAR
SAPR11;SANEPAR;SAPR11-SANEPAR
SBSP3;SABESP;SBSP3-SABESP
SBUB34;STARBUCKS;SBUB34-STARBUCKS
SCAR3;SAO CARLOS;SCAR3-SAO CARLOS
SEER3;SER EDUCA;SEER3-SER EDUCA
SGPS3;SPRINGS;SGPS3-SPRINGS
SHOW3;TIME FOR FUN;SHOW3-TIME FOR FUN
SHUL4;SCHULZ;SHUL4-SCHULZ
SLCE3;SLC AGRICOLA;SLCE3-SLC AGRICOLA
SMLS3;SMILES;SMLS3-SMILES
SMTO3;SAO MARTINHO;SMTO3-SAO MARTINHO
SPRI3;SPRINGER;SPRI3-SPRINGER
SPRI6;SPRINGER;SPRI6-SPRINGER
SQIA3;SINQIA;SQIA3-SINQIA
STBP3;SANTOS BRP;STBP3-SANTOS BRP
SULA3;SUL AMERICA;SULA3-SUL AMERICA
SULA4;SUL AMERICA;SULA4-SUL AMERICA
SULA11;SUL AMERICA;SULA11-SUL AMERICA
SUZB3;SUZANO S.A.;SUZB3-SUZANO S.A.
TAEE3;TAESA;TAEE3-TAESA
TAEE4;TAESA;TAEE4-TAESA
TAEE11;TAESA;TAEE11-TAESA
TASA3;TAURUS ARMAS;TASA3-TAURUS ARMAS
TASA4;TAURUS ARMAS;TASA4-TAURUS ARMAS
TCSA3;TECNISA;TCSA3-TECNISA
TECN3;TECHNOS;TECN3-TECHNOS
TELB4;TELEBRAS;TELB4-TELEBRAS
TEND3;TENDA;TEND3-TENDA
TESA3;TERRA SANTA;TESA3-TERRA SANTA
TEXA34;TEXAS INC;TEXA34-TEXAS INC
TGMA3;TEGMA;TGMA3-TEGMA
TIET3;AES TIETE E;TIET3-AES TIETE E
TIET4;AES TIETE E;TIET4-AES TIETE E
TIET11;AES TIETE E;TIET11-AES TIETE E
TIMP3;TIM PART S-A;TIMP3-TIM PART S-A
TOTS3;TOTVS;TOTS3-TOTVS
TRIS3;TRISUL;TRIS3-TRISUL
TRPL3;TRAN PAULIST;TRPL3-TRAN PAULIST
TRPL4;TRAN PAULIST;TRPL4-TRAN PAULIST
TSLA34;TESLA INC;TSLA34-TESLA INC
TUPY3;TUPY;TUPY3-TUPY
UCAS3;UNICASA;UCAS3-UNICASA
UGPA3;ULTRAPAR;UGPA3-ULTRAPAR
UNHH34;UNITEDHEALTH;UNHH34-UNITEDHEALTH
UNIP3;UNIPAR;UNIP3-UNIPAR
UNIP5;UNIPAR;UNIP5-UNIPAR
UNIP6;UNIPAR;UNIP6-UNIPAR
USIM3;USIMINAS;USIM3-USIMINAS
USIM5;USIMINAS;USIM5-USIMINAS
USSX34;US STEEL;USSX34-US STEEL
VALE3;VALE;VALE3-VALE
VERZ34;VERIZON;VERZ34-VERIZON
VISA34;VISA INC;VISA34-VISA INC
VIVA3;VIVARA S.A.;VIVA3-VIVARA S.A.
VIVT3;TELEF BRASIL;VIVT3-TELEF BRASIL
VIVT4;TELEF BRASIL;VIVT4-TELEF BRASIL
VLID3;VALID;VLID3-VALID
VULC3;VULCABRAS;VULC3-VULCABRAS
VVAR3;VIAVAREJO;VVAR3-VIAVAREJO
WALM34;WAL MART;WALM34-WAL MART
WEGE3;WEG;WEGE3-WEG
WFCO34;WELLS FARGO;WFCO34-WELLS FARGO
WHRL3;WHIRLPOOL;WHRL3-WHIRLPOOL
WHRL4;WHIRLPOOL;WHRL4-WHIRLPOOL
WIZS3;WIZ S.A.;WIZS3-WIZ S.A.
WLMM3;WLM IND COM;WLMM3-WLM IND COM
WLMM4;WLM IND COM;WLMM4-WLM IND COM
WSON33;WILSON SONS;WSON33-WILSON SONS
XRXB34;XEROX CORP;XRXB34-XEROX CORP
YDUQ3;YDUQS PART;YDUQ3-YDUQS PART
ABTT34;ABBOTT;ABTT34-ABBOTT
ABUD34;AB INBEV;ABUD34-AB INBEV
ACNB34;ACCENTURE;ACNB34-ACCENTURE
ADBE34;ADOBE INC;ADBE34-ADOBE INC
ADPR34;AUTOMATIC DT;ADPR34-AUTOMATIC DT
AMGN34;AMGEN;AMGN34-AMGEN
ARMT34;ARCELOR;ARMT34-ARCELOR
ASML34;ASML HOLD;ASML34-ASML HOLD
AVGO34;BROADCOM INC;AVGO34-BROADCOM INC
AWII34;ARMSTRONG;AWII34-ARMSTRONG
AXPB34;AMERICAN EXP;AXPB34-AMERICAN EXP
BALM4;BAUMER;BALM4-BAUMER
BHPG34;BHP GROUP;BHPG34-BHP GROUP
BIIB34;BIOGEN;BIIB34-BIOGEN
BKNG34;BOOKING;BKNG34-BOOKING
BLAK34;BLACKROCK;BLAK34-BLACKROCK
BMYB34;BRISTOLMYERS;BMYB34-BRISTOLMYERS
BOEI34;BOEING;BOEI34-BOEING
BONY34;BNY MELLON;BONY34-BNY MELLON
A1DM34;ARCHER DANIE;A1DM34-ARCHER DANIE
A1LX34;ALEXION PHAR;A1LX34-ALEXION PHAR
ABBV34;ABBVIE;ABBV34-ABBVIE
ATVI34;ACTIVISION;ATVI34-ACTIVISION
BILB34;BILBAOVIZ;BILB34-BILBAOVIZ
BOXP34;BOSTON PROP;BOXP34-BOSTON PROP
BRKM6;BRASKEM;BRKM6-BRASKEM
BRSR5;BANRISUL;BRSR5-BANRISUL
CATP34;CATERPILLAR;CATP34-CATERPILLAR
CEDO3;CEDRO;CEDO3-CEDRO
CHCM34;CHARTER COMM;CHCM34-CHARTER COMM
CHME34;CME GROUP;CHME34-CME GROUP
CNIC34;CANAD NATION;CNIC34-CANAD NATION
COCA34;COCA COLA;COCA34-COCA COLA
COLG34;COLGATE;COLG34-COLGATE
CRIP34;CTRIPCOM;CRIP34-CTRIPCOM
CSCO34;CISCO;CSCO34-CISCO
CSRN3;COSERN;CSRN3-COSERN
CSXC34;CSX CORP;CSXC34-CSX CORP
CTKA4;KARSTEN;CTKA4-KARSTEN
DBAG34;DEUTSCHE AK;DBAG34-DEUTSCHE AK
DDNB34;DUPONT N INC;DDNB34-DUPONT N INC
DEEC34;DEERE CO;DEEC34-DEERE CO
DEOP34;DIAGEO PL;DEOP34-DIAGEO PL
DHER34;DANAHER CORP;DHER34-DANAHER CORP
DOHL4;DOHLER;DOHL4-DOHLER
DUKB34;DUKE ENERGY;DUKB34-DUKE ENERGY
EBAY34;EBAY;EBAY34-EBAY
EQIX34;EQUINIX INC;EQIX34-EQUINIX INC
EQPA5;EQTL PARA;EQPA5-EQTL PARA
F1NI34;FIDELITY NAT;F1NI34-FIDELITY NAT
FDMO34;FORD MOTORS;FDMO34-FORD MOTORS
FDXB34;FEDEX CORP;FDXB34-FEDEX CORP
FESA3;FERBASA;FESA3-FERBASA
GDBR34;GEN DYNAMICS;GDBR34-GEN DYNAMICS
GILD34;GILEAD;GILD34-GILEAD
GMCO34;GENERAL MOT;GMCO34-GENERAL MOT
GSGI34;GOLDMANSACHS;GSGI34-GOLDMANSACHS
HONB34;HONEYWELL;HONB34-HONEYWELL
HOND34;HONDA MO;HOND34-HONDA MO
HPQB34;HP COMPANY;HPQB34-HP COMPANY
INGG34;ING GROEP;INGG34-ING GROEP
INTU34;INTUIT INC;INTU34-INTUIT INC
JDCO34;JD COM;JDCO34-JD COM
KMBB34;KIMBERLY CL;KMBB34-KIMBERLY CL
KMIC34;KINDER MORGA;KMIC34-KINDER MORGA
LILY34;LILLY;LILY34-LILLY
LMTB34;LOCKHEED;LMTB34-LOCKHEED
LOWC34;LOWES COMPA;LOWC34-LOWES COMPA
MCOR34;MOODYS CORP;MCOR34-MOODYS CORP
MDLZ34;MONDELEZ INT;MDLZ34-MONDELEZ INT
MDTC34;MEDTRONIC;MDTC34-MEDTRONIC
METB34;METLIFE INC;METB34-METLIFE INC
MMMC34;3M;MMMC34-3M
MOOO34;ALTRIA GROUP;MOOO34-ALTRIA GROUP
MOSC34;MOSAIC CO;MOSC34-MOSAIC CO
MRCK34;MERCK;MRCK34-MERCK
MTSA3;METISA;MTSA3-METISA
NEXT34;NEXTERA ENER;NEXT34-NEXTERA ENER
NIKE34;NIKE;NIKE34-NIKE
NOCG34;NORTHROP GRU;NOCG34-NORTHROP GRU
NOKI34;NOKIA CORP;NOKI34-NOKIA CORP
NVDC34;NVIDIA CORP;NVDC34-NVIDIA CORP
ORCL34;ORACLE;ORCL34-ORACLE
OXYP34;OCCIDENT PTR;OXYP34-OCCIDENT PTR
PEAB3;PAR AL BAHIA;PEAB3-PAR AL BAHIA
PEAB4;PAR AL BAHIA;PEAB4-PAR AL BAHIA
PHMO34;PHILIP MORRI;PHMO34-PHILIP MORRI
PNCS34;PNCFNANCIAL;PNCS34-PNCFNANCIAL
PNVL3;DIMED;PNVL3-DIMED
QCOM34;QUALCOMM;QCOM34-QUALCOMM
RDSA34;RD SHELL;RDSA34-RD SHELL
RIOT34;RIO TINTO;RIOT34-RIO TINTO
ROST34;ROSS STORES;ROST34-ROSS STORES
S1YF34;SYNCHRONY FI;S1YF34-SYNCHRONY FI
SAPP34;SAP SE;SAPP34-SAP SE
SCHW34;SCHWAB;SCHW34-SCHWAB
SIMN34;SIMON PROP;SIMN34-SIMON PROP
SLBG34;SCHLUMBERGER;SLBG34-SCHLUMBERGER
SNEC34;SONY CORP;SNEC34-SONY CORP
SOND6;SONDOTECNICA;SOND6-SONDOTECNICA
SPGI34;SP GLOBAL;SPGI34-SP GLOBAL
SRXM34;SIRIUS XM HD;SRXM34-SIRIUS XM HD
SSFO34;SALESFORCE;SSFO34-SALESFORCE
STZB34;CONSTELLATIO;STZB34-CONSTELLATIO
TAKP34;TAKEDAPH;TAKP34-TAKEDAPH
TELB3;TELEBRAS;TELB3-TELEBRAS
TJXC34;TJX COMPANIE;TJXC34-TJX COMPANIE
TLNC34;TELEFONIC;TLNC34-TELEFONIC
TMCO34;TOYOTAMO;TMCO34-TOYOTAMO
TMOS34;THERMFISCHER;TMOS34-THERMFISCHER
TSMC34;TAIWANSMFAC;TSMC34-TAIWANSMFAC
TSNF34;TYSON FOODS;TSNF34-TYSON FOODS
TWTR34;TWITTER;TWTR34-TWITTER
U1BE34;UBER TECH IN;U1BE34-UBER TECH IN
UBSG34;UBS GROUP;UBSG34-UBS GROUP
ULEV34;UNILEVER;ULEV34-UNILEVER
UPAC34;UNIONPACIFIC;UPAC34-UNIONPACIFIC
UPSS34;UPS;UPSS34-UPS
USBC34;US BANCORP;USBC34-US BANCORP
USIM6;USIMINAS;USIM6-USIMINAS
UTEC34;UNITED TECH;UTEC34-UNITED TECH
VFCO34;VF CORP;VFCO34-VF CORP
VRSN34;VERISIGN INC;VRSN34-VERISIGN INC
VRTX34;VERTEX PHARM;VRTX34-VERTEX PHARM
W1DC34;WESTERN DIG;W1DC34-WESTERN DIG
WGBA34;WALGREENS;WGBA34-WALGREENS
A1MD34;ADVANCED MIC;A1MD34-ADVANCED MIC
A1MT34;APPLIED MATE;A1MT34-APPLIED MATE
AALL34;AMERICAN AIR;AALL34-AMERICAN AIR
AHEB3;SPTURIS;AHEB3-SPTURIS
ARNC34;ARCONIC;ARNC34-ARCONIC
BBYY34;BEST BUY;BBYY34-BEST BUY
BMIN4;MERC INVEST;BMIN4-MERC INVEST
CEPE5;CELPE;CEPE5-CELPE
CESP5;CESP;CESP5-CESP
COCE3;COELCE;COCE3-COELCE
CRPG3;CRISTAL;CRPG3-CRISTAL
CTKA3;KARSTEN;CTKA3-KARSTEN
DGCO34;DOLLAR GENER;DGCO34-DOLLAR GENER
ELET5;ELETROBRAS;ELET5-ELETROBRAS
FRIO3;METALFRIO;FRIO3-METALFRIO
HBTS5;HABITASUL;HBTS5-HABITASUL
I1VZ34;INVESCO LTD;I1VZ34-INVESCO LTD
KHCB34;KRAFT HEINZ;KHCB34-KRAFT HEINZ
MAPT4;CEMEPE;MAPT4-CEMEPE
PCAR3;P.ACUCAR-CBD;PCAR3-P.ACUCAR-CBD
SPRN34;SPRINT;SPRN34-SPRINT
TGTB34;TARGET CORP;TGTB34-TARGET CORP
A1PA34;APACHE CORP;A1PA34-APACHE CORP
BGIP3;BANESE;BGIP3-BANESE
BMIN3;MERC INVEST;BMIN3-MERC INVEST
BOBR3;BOMBRIL;BOBR3-BOMBRIL
C1CL34;CARNIVAL COR;C1CL34-CARNIVAL COR
CALI4;CONST A LIND;CALI4-CONST A LIND
CEED4;CEEE-D;CEED4-CEEE-D
CSRN5;COSERN;CSRN5-COSERN
CSRN6;COSERN;CSRN6-COSERN
ECPR3;ENCORPAR;ECPR3-ENCORPAR
ECPR4;ENCORPAR;ECPR4-ENCORPAR
ELEK3;ELEKEIROZ;ELEK3-ELEKEIROZ
ESTR4;ESTRELA;ESTR4-ESTRELA
GPRO34;GOPRO;GPRO34-GOPRO
HALI34;HALLIBURTON;HALI34-HALLIBURTON
IBOV11;IBOVESPA;IBOV11-IBOVESPA
JOPA3;JOSAPAR;JOPA3-JOSAPAR
M1RO34;MARATHON OIL;M1RO34-MARATHON OIL
MTIG4;METAL IGUACU;MTIG4-METAL IGUACU
PATI3;PANATLANTICA;PATI3-PANATLANTICA
PTNT3;PETTENATI;PTNT3-PETTENATI
RIGG34;TRANSOCEAN;RIGG34-TRANSOCEAN
SPRI5;SPRINGER;SPRI5-SPRINGER
B1SX34;BOSTON SCIEN;B1SX34-BOSTON SCIEN
C1IC34;CIGNA CORP;C1IC34-CIGNA CORP
CAON34;CAPITAL ONE;CAON34-CAPITAL ONE
CAPH34;CAPRI HOLDI;CAPH34-CAPRI HOLDI
CEED3;CEEE-D;CEED3-CEEE-D
COTY34;COTY INC;COTY34-COTY INC
CSAB3;SEG AL BAHIA;CSAB3-SEG AL BAHIA
D1OM34;DOMINION ENE;D1OM34-DOMINION ENE
DOHL3;DOHLER;DOHL3-DOHLER
EEEL4;CEEE-GT;EEEL4-CEEE-GT
EQMA3B;EQTLMARANHAO;EQMA3B-EQTLMARANHAO
F1IS34;FISERV INC;F1IS34-FISERV INC
FMXB34;FEMSA;FMXB34-FEMSA
GPAR3;CELGPAR;GPAR3-CELGPAR
J1CI34;JOHNSON CONT;J1CI34-JOHNSON CONT
JCPC34;JC PENNEY;JCPC34-JC PENNEY
L1RC34;LAM RESEARCH;L1RC34-LAM RESEARCH
MSBR34;MORGAN STAN;MSBR34-MORGAN STAN
MTRE3;MITRE REALTY;MTRE3-MITRE REALTY
N1XP34;NXP SEMICOND;N1XP34-NXP SEMICOND
NAFG3;NADIR FIGUEI;NAFG3-NADIR FIGUEI
NAFG4;NADIR FIGUEI;NAFG4-NADIR FIGUEI
PATI4;PANATLANTICA;PATI4-PANATLANTICA
S1TX34;SEAGATE TECH;S1TX34-SEAGATE TECH
SOND5;SONDOTECNICA;SOND5-SONDOTECNICA
STMN34;STMICROEL;STMN34-STMICROEL
T1EC34;TECHNIPFMC P;T1EC34-TECHNIPFMC P
T1MU34;T-MOBILE US;T1MU34-T-MOBILE US
T1SO34;THE SOUTHERN;T1SO34-THE SOUTHERN
TPIS3;TRIUNFO PART;TPIS3-TRIUNFO PART
U1AL34;UNITED AIRLI;U1AL34-UNITED AIRLI
WABC34;WESTERN BCOR;WABC34-WESTERN BCOR
A1AP34;ADVANCE AUTO;A1AP34-ADVANCE AUTO
A1BM34;ABIOMED INC;A1BM34-ABIOMED INC
A1DI34;ANALOG DEVIC;A1DI34-ANALOG DEVIC
A1EP34;AMERICAN ELE;A1EP34-AMERICAN ELE
A1KA34;AKAMAI TECHN;A1KA34-AKAMAI TECHN
A1LB34;ALBEMARLE CO;A1LB34-ALBEMARLE CO
A1NT34;ANTHEM INC;A1NT34-ANTHEM INC
A1PD34;AIR PRODUCTS;A1PD34-AIR PRODUCTS
A1UT34;AUTODESK INC;A1UT34-AUTODESK INC
AIGB34;AIG GROUP;AIGB34-AIG GROUP
B1BT34;BBT CORP;B1BT34-BBT CORP
B1MR34;BIOMARIN PHA;B1MR34-BIOMARIN PHA
C1BO34;CBOE GLOBAL;C1BO34-CBOE GLOBAL
C1ER34;CERNER CORP;C1ER34-CERNER CORP
C1HR34;CH ROBINSON;C1HR34-CH ROBINSON
C1NP34;CENTERPOINT;C1NP34-CENTERPOINT
C1TL34;CENTURYLINK;C1TL34-CENTURYLINK
C1TX34;CITRIX SYSTE;C1TX34-CITRIX SYSTE
CLSC3;CELESC;CLSC3-CELESC
D1TE34;DTE ENERGY C;D1TE34-DTE ENERGY C
DEAI34;DELTA;DEAI34-DELTA
E1CL34;ECOLAB INC;E1CL34-ECOLAB INC
E1OG34;EOG RESOURCE;E1OG34-EOG RESOURCE
E1SE34;EVERSOURCE E;E1SE34-EVERSOURCE E
E1VR34;EVERGY INC;E1VR34-EVERGY INC
E1XC34;EXELON CORP;E1XC34-EXELON CORP
EAIN34;ELECTR ARTS;EAIN34-ELECTR ARTS
ELCI34;ESTEE LAUDER;ELCI34-ESTEE LAUDER
F1EC34;FIRSTENERGY;F1EC34-FIRSTENERGY
F1LS34;FLOWSERVE CO;F1LS34-FLOWSERVE CO
F1TV34;FORTIVE CORP;F1TV34-FORTIVE CORP
G1WW34;WW GRAINGER;G1WW34-WW GRAINGER
H1CA34;HCA HEALTHCA;H1CA34-HCA HEALTHCA
I1CE34;INTERCONTINE;I1CE34-INTERCONTINE
I1NF34;IHS MARKIT L;I1NF34-IHS MARKIT L
I1PG34;IPG PHOTONIC;I1PG34-IPG PHOTONIC
JOPA4;JOSAPAR;JOPA4-JOSAPAR
K1LA34;KLA CORP;K1LA34-KLA CORP
L1BT34;LIBERTY GLOB;L1BT34-LIBERTY GLOB
L1IN34;LINDE PLC;L1IN34-LINDE PLC
L1NC34;LINCOLN NATI;L1NC34-LINCOLN NATI
LBRN34;L BRANDS;LBRN34-L BRANDS
LWSA3;LOCAWEB;LWSA3-LOCAWEB
M1CB34;MOLSON COORS;M1CB34-MOLSON COORS
M1GM34;MGM RESORTS;M1GM34-MGM RESORTS
M1KC34;MCCORMICK;M1KC34-MCCORMICK
MDNE3;MOURA DUBEUX;MDNE3-MOURA DUBEUX
N1BL34;NOBLE ENERGY;N1BL34-NOBLE ENERGY
N1OV34;NATIONAL OIL;N1OV34-NATIONAL OIL
N1TA34;NETAPP INC;N1TA34-NETAPP INC
NETE34;NETEASE;NETE34-NETEASE
NMRH34;NOMURA HO;NMRH34-NOMURA HO
P1AY34;PAYCHEX INC;P1AY34-PAYCHEX INC
P1DT34;PRUDENTIAL F;P1DT34-PRUDENTIAL F
P1IO34;PIONEER NATU;P1IO34-PIONEER NATU
P1LD34;PROLOGIS INC;P1LD34-PROLOGIS INC
P1SX34;PHILLIPS 66;P1SX34-PHILLIPS 66
PRNR3;PRINER;PRNR3-PRINER
R1SG34;REPUBLIC SER;R1SG34-REPUBLIC SER
S1PO34;SPOTIFY TECH;S1PO34-SPOTIFY TECH
T1RI34;TRIPADVISOR;T1RI34-TRIPADVISOR
T1SC34;TRACTOR SUPP;T1SC34-TRACTOR SUPP
W1MC34;WASTE MANAG;W1MC34-WASTE MANAG
WUNI34;WESTERNUNION;WUNI34-WESTERNUNION
X1EL34;XCEL ENERGY;X1EL34-XCEL ENERGY
YUMR34;YUM BRANDS;YUMR34-YUM BRANDS
A1EN34;ALLIANT ENER;A1EN34-ALLIANT ENER
A1ES34;AES CORP;A1ES34-AES CORP
A1FL34;AFLAC INC;A1FL34-AFLAC INC
A1GI34;AGILENT TECH;A1GI34-AGILENT TECH
A1GN34;ALLEGION PLC;A1GN34-ALLEGION PLC
A1LK34;ALASKA AIR G;A1LK34-ALASKA AIR G
A1LL34;ALLIANCE DAT;A1LL34-ALLIANCE DAT
A1MP34;AMERIPRISE F;A1MP34-AMERIPRISE F
A1OS34;AO SMITH COR;A1OS34-AO SMITH COR
A1PH34;AMPHENOL COR;A1PH34-AMPHENOL COR
A1SU34;ASSURANT INC;A1SU34-ASSURANT INC
A1TT34;ALLSTATE COR;A1TT34-ALLSTATE COR
A1VY34;AVERY DENNIS;A1VY34-AVERY DENNIS
AHEB5;SPTURIS;AHEB5-SPTURIS
APTV34;APTIV PLC;APTV34-APTIV PLC
B1BT34;TRUIST FINAN;B1BT34-TRUIST FINAN
B1DX34;BECTON DICKI;B1DX34-BECTON DICKI
B1KR34;BAKER HUGHES;B1KR34-BAKER HUGHES
B1WA34;BORGWARNER I;B1WA34-BORGWARNER I
BIDU34;BAIDU INC;BIDU34-BAIDU INC
BRGE6;ALFA CONSORC;BRGE6-ALFA CONSORC
BSLI3;BRB BANCO;BSLI3-BRB BANCO
C1AG34;CONAGRA BRAN;C1AG34-CONAGRA BRAN
C1AH34;CARDINAL HEA;C1AH34-CARDINAL HEA
C1BS34;CBS CORP;C1BS34-CBS CORP
C1BS34;VIACOMCBS;C1BS34-VIACOMCBS
C1CI34;CROWN CASTLE;C1CI34-CROWN CASTLE
C1FG34;CITIZENS FIN;C1FG34-CITIZENS FIN
C1FI34;CF INDUSTRIE;C1FI34-CF INDUSTRIE
C1MA34;COMERICA INC;C1MA34-COMERICA INC
C1MG34;CHIPOTLE MEX;C1MG34-CHIPOTLE MEX
C1NC34;CENTENE CORP;C1NC34-CENTENE CORP
C1OG34;CABOT OIL;C1OG34-CABOT OIL
C1PR34;COPART INC;C1PR34-COPART INC
C1XO34;CONCHO RESOU;C1XO34-CONCHO RESOU
CAJI34;CANON INC;CAJI34-CANON INC
CINF34;CINCINNATI;CINF34-CINCINNATI
CRDA34;CREDIT ACCEP;CRDA34-CREDIT ACCEP
CRHP34;CRH PLC;CRHP34-CRH PLC
CTSH34;COGNIZANT;CTSH34-COGNIZANT
D1EL34;DELL TECHNOL;D1EL34-DELL TECHNOL
D1FS34;DISCOVER FIN;D1FS34-DISCOVER FIN
D1HI34;DR HORTON IN;D1HI34-DR HORTON IN
D1IS34;DISH NETWORK;D1IS34-DISH NETWORK
D1LR34;DIGITAL REAL;D1LR34-DIGITAL REAL
D1VN34;DEVON ENERGY;D1VN34-DEVON ENERGY
D1XC34;DXC TECHNOLO;D1XC34-DXC TECHNOLO
DCVY34;DISCOVERY IN;DCVY34-DISCOVERY IN
DCVY35;DISCOVERY IN;DCVY35-DISCOVERY IN
DLTR34;DOLLAR TREE;DLTR34-DOLLAR TREE
E1IX34;EDISON INTER;E1IX34-EDISON INTER
E1MN34;EASTMAN CHEM;E1MN34-EASTMAN CHEM
E1QR34;EQUITY RESID;E1QR34-EQUITY RESID
E1TF34;E TRADE FINA;E1TF34-E TRADE FINA
E1TN34;EATON CORP P;E1TN34-EATON CORP P
E1XR34;EXTRA SPACE;E1XR34-EXTRA SPACE
EXGR34;EXPEDIA GROU;EXGR34-EXPEDIA GROU
F1AN34;DIAMONDBACK;F1AN34-DIAMONDBACK
F1BH34;FORTUNE BRAN;F1BH34-FORTUNE BRAN
F1LI34;FLIR SYSTEMS;F1LI34-FLIR SYSTEMS
F1RA34;FRANKLIN RES;F1RA34-FRANKLIN RES
FASL34;FASTENAL;FASL34-FASTENAL
FCXO34;FREEPORT;FCXO34-FREEPORT
FFTD34;FIFTH THIRD;FFTD34-FIFTH THIRD
FMSC34;FRESENIUS;FMSC34-FRESENIUS
FOXC34;FOX CORP;FOXC34-FOX CORP
FSLR34;FIRST SOLAR;FSLR34-FIRST SOLAR
G1LW34;CORNING INC;G1LW34-CORNING INC
G1MI34;GENERAL MILL;G1MI34-GENERAL MILL
G1RM34;GARMIN LTD;G1RM34-GARMIN LTD
GPSI34;GAP;GPSI34-GAP
H1BA34;HUNTINGTON B;H1BA34-HUNTINGTON B
H1BI34;HANESBRANDS;H1BI34-HANESBRANDS
H1ES34;HESS CORP;H1ES34-HESS CORP
H1FC34;HOLLYFRONTIE;H1FC34-HOLLYFRONTIE
H1IG34;HARTFORD FIN;H1IG34-HARTFORD FIN
H1LT34;HILTON WORLD;H1LT34-HILTON WORLD
H1OL34;HOLOGIC INC;H1OL34-HOLOGIC INC
H1PE34;HEWLETT PACK;H1PE34-HEWLETT PACK
H1RL34;HORMEL FOODS;H1RL34-HORMEL FOODS
H1ST34;HOST HOTELS;H1ST34-HOST HOTELS
HSHY34;HERSHEY CO;HSHY34-HERSHEY CO
I1FF34;FLAVOR FLAGR;I1FF34-FLAVOR FLAGR
I1PC34;INTERNATIONA;I1PC34-INTERNATIONA
I1RM34;IRON MOUNTAI;I1RM34-IRON MOUNTAI
I1SR34;INTUITIVE SU;I1SR34-INTUITIVE SU
I1TW34;ILLINOIS TOO;I1TW34-ILLINOIS TOO
ISBC34;INVEST BCORP;ISBC34-INVEST BCORP
J1WN34;NORDSTROM IN;J1WN34-NORDSTROM IN
K1EY34;KEYCORP;K1EY34-KEYCORP
K1IM34;KIMCO REALTY;K1IM34-KIMCO REALTY
K1RC34;KROGER CO;K1RC34-KROGER CO
K1SG34;KEYSIGHT TEC;K1SG34-KEYSIGHT TEC
KMPR34;KEMPER CORP;KMPR34-KEMPER CORP
L1EN34;LENNAR CORP;L1EN34-LENNAR CORP
L1KQ34;LKQ CORP;L1KQ34-LKQ CORP
M1AS34;MASCO CORP;M1AS34-MASCO CORP
M1CH34;MICROCHIP TE;M1CH34-MICROCHIP TE
M1MC34;MARSH E MCLE;M1MC34-MARSH E MCLE
M1NS34;MONSTER BEVE;M1NS34-MONSTER BEVE
M1PC34;MARATHON PET;M1PC34-MARATHON PET
M1SC34;MSCI INC;M1SC34-MSCI INC
M1SI34;MOTOROLA SOL;M1SI34-MOTOROLA SOL
M1TB34;MT BANK COR;M1TB34-MT BANK COR
M1TT34;MARRIOTT INT;M1TT34-MARRIOTT INT
N1CL34;NORWEGIAN CR;N1CL34-NORWEGIAN CR
N1DA34;NASDAQ INC;N1DA34-NASDAQ INC
N1EM34;NEWMONT GOLD;N1EM34-NEWMONT GOLD
N1IS34;NISOURCE INC;N1IS34-NISOURCE INC
N1LS34;NIELSEN HOLD;N1LS34-NIELSEN HOLD
N1RG34;NRG ENERGY I;N1RG34-NRG ENERGY I
N1SC34;NORFOLK SOUT;N1SC34-NORFOLK SOUT
N1TR34;NORTHERN TRU;N1TR34-NORTHERN TRU
N1UE34;NUCOR CORP;N1UE34-NUCOR CORP
N1WL34;NEWELL BRAND;N1WL34-NEWELL BRAND
N1WS34;NEWS CORP;N1WS34-NEWS CORP
P1AC34;PACCAR INC;P1AC34-PACCAR INC
P1BC34;PEOPLES UNIT;P1BC34-PEOPLES UNIT
P1EA34;HEALTHPEAK P;P1EA34-HEALTHPEAK P
P1EG34;PUBLIC SERVI;P1EG34-PUBLIC SERVI
P1FG34;PRINCIPAL FI;P1FG34-PRINCIPAL FI
P1GR34;THE PROGRESS;P1GR34-THE PROGRESS
P1HC34;PARKER-HANNI;P1HC34-PARKER-HANNI
P1HM34;PULTEGROUP I;P1HM34-PULTEGROUP I
P1PL34;PPL CORP;P1PL34-PPL CORP
P1RG34;PERRIGO CO P;P1RG34-PERRIGO CO P
PHGN34;KOPHILIPS;PHGN34-KOPHILIPS
Q1UA34;QUANTA SERVI;Q1UA34-QUANTA SERVI
R1CL34;ROYAL CARIBB;R1CL34-ROYAL CARIBB
R1EG34;REGENCY CENT;R1EG34-REGENCY CENT
R1FC34;REGIONS FINA;R1FC34-REGIONS FINA
R1JF34;RAYMOND JAME;R1JF34-RAYMOND JAME
R1LC34;RALPH LAUREN;R1LC34-RALPH LAUREN
RANI3;IRANI;RANI3-IRANI
RANI4;IRANI;RANI4-IRANI
REGN34;REGENERON PH;REGN34-REGENERON PH
S1BA34;SBA COMMUNIC;S1BA34-SBA COMMUNIC
S1IV34;SVB FINANCIA;S1IV34-SVB FINANCIA
S1NP34;SYNOPSYS INC;S1NP34-SYNOPSYS INC
S1OU34;SOUTHWEST AI;S1OU34-SOUTHWEST AI
S1SL34;SKYWORKS SOL;S1SL34-SKYWORKS SOL
S1TT34;STATE STREET;S1TT34-STATE STREET
S1WK34;STANLEY BLAC;S1WK34-STANLEY BLAC
S1YK34;STRYKER CORP;S1YK34-STRYKER CORP
S1YM34;NORTONLIFE;S1YM34-NORTONLIFE
S1YY34;SYSCO CORP;S1YY34-SYSCO CORP
SLBC34;STERLING BNC;SLBC34-STERLING BNC
T1FX34;TELEFLEX INC;T1FX34-TELEFLEX INC
T1OW34;AMERICAN TOW;T1OW34-AMERICAN TOW
T1RO34;T ROWE PRICE;T1RO34-T ROWE PRICE
T1XT34;TEXTRON INC;T1XT34-TEXTRON INC
TKNO4;TEKNO;TKNO4-TEKNO
TPRY34;TAPESTRY INC;TPRY34-TAPESTRY INC
TXSA34;TERNIUMSA;TXSA34-TERNIUMSA
U1AI34;UNDER ARMOUR;U1AI34-UNDER ARMOUR
U1LT34;ULTA BEAUTY;U1LT34-ULTA BEAUTY
U1NM34;UNUM GROUP;U1NM34-UNUM GROUP
V1NO34;VORNADO REAL;V1NO34-VORNADO REAL
VLOE34;VALERO ENER;VLOE34-VALERO ENER
VLYB34;VALLEY NTION;VLYB34-VALLEY NTION
W1DA34;WORKDAY INC;W1DA34-WORKDAY INC
W1EL34;WELLTOWER IN;W1EL34-WELLTOWER IN
W1HR34;WHIRLPOOL CO;W1HR34-WHIRLPOOL CO
W1MB34;WILLIAMS COS;W1MB34-WILLIAMS COS
W1RK34;WESTROCK CO;W1RK34-WESTROCK CO
W1YC34;WEYERHAEUSER;W1YC34-WEYERHAEUSER
W1YN34;WYNN RESORTS;W1YN34-WYNN RESORTS
X1LN34;XILINX INC;X1LN34-XILINX INC
Z1IO34;ZIONSBANCORP;Z1IO34-ZIONSBANCORP
Z1TS34;ZOETIS INC;Z1TS34-ZOETIS INC
A1NS34;ANSYS INC;A1NS34-ANSYS INC
AZOI34;AUTOZONE INC;AZOI34-AUTOZONE INC
B1LL34;BALL CORP;B1LL34-BALL CORP
BSLI4;BRB BANCO;BSLI4-BRB BANCO
CASN4;CASAN;CASN4-CASAN
CEPE6;CELPE;CEPE6-CELPE
CORR4;COR RIBEIRO;CORR4-COR RIBEIRO
CPRL34;CANAD PACIFI;CPRL34-CANAD PACIFI
E1WL34;EDWARDS LIFE;E1WL34-EDWARDS LIFE
G1PI34;GLOBAL PAYME;G1PI34-GLOBAL PAYME
I1DX34;IDEXX LABORA;I1DX34-IDEXX LABORA
I1RP34;INGERSOLL RA;I1RP34-INGERSOLL RA
MSPA3;MELHOR SP;MSPA3-MELHOR SP
O1KE34;ONEOK INC;O1KE34-ONEOK INC
V1RS34;VERISK ANALY;V1RS34-VERISK ANALY
A1EE34;AMEREN CORP;A1EE34-AMEREN CORP
A1IV34;APARTMENT IN;A1IV34-APARTMENT IN
A1JG34;ARTHUR J GAL;A1JG34-ARTHUR J GAL
A1LG34;ALIGN TECHNO;A1LG34-ALIGN TECHNO
A1VB34;AVALONBAY CO;A1VB34-AVALONBAY CO
A1WK34;AMERICAN WAT;A1WK34-AMERICAN WAT
AZEV3;AZEVEDO;AZEV3-AZEVEDO
AZEV4;AZEVEDO;AZEV4-AZEVEDO
B1FC34;BROWN FORMAN;B1FC34-BROWN FORMAN
C1BR34;CBRE GROUP I;C1BR34-CBRE GROUP I
C1MS34;CMS ENERGY C;C1MS34-CMS ENERGY C
C1PB34;CAMPBELL SOU;C1PB34-CAMPBELL SOU
C1TA34;CINTAS CORP;C1TA34-CINTAS CORP
CRIN34;CARTERS INC;CRIN34-CARTERS INC
D1OV34;DOVER CORP;D1OV34-DOVER CORP
D1RE34;DUKE REALTY;D1RE34-DUKE REALTY
D1RI34;DARDEN RESTA;D1RI34-DARDEN RESTA
E1FX34;EQUIFAX INC;E1FX34-EQUIFAX INC
E1MR34;EMERSON ELEC;E1MR34-EMERSON ELEC
E1TR34;ENTERGY CORP;E1TR34-ENTERGY CORP
E1VE34;EVEREST RE G;E1VE34-EVEREST RE G
F1MC34;FMC CORP;F1MC34-FMC CORP
F1RC34;FIRST REPUBL;F1RC34-FIRST REPUBL
F1RI34;FEDERAL REAL;F1RI34-FEDERAL REAL
F1TN34;FORTINET INC;F1TN34-FORTINET INC
G1AR34;GARTNER INC;G1AR34-GARTNER INC
G1LL34;GLOBE LIFE I;G1LL34-GLOBE LIFE I
G1PC34;GENUINE PART;G1PC34-GENUINE PART
H1AS34;HASBRO INC;H1AS34-HASBRO INC
H1OG34;HARLEY-DAVID;H1OG34-HARLEY-DAVID
H1RB34;HER BLOCK IN;H1RB34-HER BLOCK IN
H1SI34;HENRY SCHEIN;H1SI34-HENRY SCHEIN
H1UM34;HUMANA INC;H1UM34-HUMANA INC
I1LM34;ILLUMINA INC;I1LM34-ILLUMINA INC
I1PH34;INTERPUBLIC;I1PH34-INTERPUBLIC
I1RP34;TRANE TECH;I1RP34-TRANE TECH
J1EF34;JEFFERIES FI;J1EF34-JEFFERIES FI
J1NP34;JUNIPER NETW;J1NP34-JUNIPER NETW
K1CS34;KANSAS CITY;K1CS34-KANSAS CITY
K1EL34;KELLOGG CO;K1EL34-KELLOGG CO
K1MX34;CARMAX INC;K1MX34-CARMAX INC
L1EG34;LEGGETT PL;L1EG34-LEGGETT PL
L1OE34;LOEWS CORP;L1OE34-LOEWS CORP
L1UL34;LULULEMON AT;L1UL34-LULULEMON AT
L1WH34;LAMB WESTON;L1WH34-LAMB WESTON
M1AA34;MID-AMERICA;M1AA34-MID-AMERICA
M1CK34;MCKESSON COR;M1CK34-MCKESSON COR
M1HK34;MOHAWK INDUS;M1HK34-MOHAWK INDUS
MKLC34;MARKEL CORP;MKLC34-MARKEL CORP
N1VR34;NVR INC;N1VR34-NVR INC
O1MC34;OMNICOM GROU;O1MC34-OMNICOM GROU
P1KG34;PACKAGING CO;P1KG34-PACKAGING CO
P1NW34;PINNACLE WES;P1NW34-PINNACLE WES
P1VH34;PVH CORP;P1VH34-PVH CORP
R1HI34;ROBERT HALF;R1HI34-ROBERT HALF
R1IN34;REALTY INCOM;R1IN34-REALTY INCOM
R1MD34;RESMED INC;R1MD34-RESMED INC
R1OK34;ROCKWELL AUT;R1OK34-ROCKWELL AUT
R1OP34;ROPER TECHNO;R1OP34-ROPER TECHNO
S1EA34;SEALED AIR C;S1EA34-SEALED AIR C
S1HW34;THE SHERWIN;S1HW34-THE SHERWIN
S1JM34;THE JM SMUCK;S1JM34-THE JM SMUCK
S1LG34;SL GREEN REA;S1LG34-SL GREEN REA
T1DG34;TRANSDIGM GR;T1DG34-TRANSDIGM GR
T1EL34;TE CONNECTIV;T1EL34-TE CONNECTIV
TIFF34;TIFFANY;TIFF34-TIFFANY
TRVC34;TRAVELERS;TRVC34-TRAVELERS
U1DR34;UDR INC;U1DR34-UDR INC
U1HS34;UNIVERSAL HE;U1HS34-UNIVERSAL HE
U1RI34;UNITED RENTA;U1RI34-UNITED RENTA
V1MC34;VULCAN MATER;V1MC34-VULCAN MATER
V1TA34;VENTAS INC;V1TA34-VENTAS INC
W1AB34;WABTEC CORP;W1AB34-WABTEC CORP
W1EC34;WEC ENERGY G;W1EC34-WEC ENERGY G
X1YL34;XYLEM INC;X1YL34-XYLEM INC
XRAY34;DENTSPLY SIR;XRAY34-DENTSPLY SIR
Z1BH34;ZIMMER BIOME;Z1BH34-ZIMMER BIOME
A1MB34;AMERISOURCEB;A1MB34-AMERISOURCEB
E1DI34;CONSOLIDATED;E1DI34-CONSOLIDATED
LSXM34;LIBERTY MEDI;LSXM34-LIBERTY MEDI
M1TD34;METTLER-TOLE;M1TD34-METTLER-TOLE
BALM3;BAUMER;BALM3-BAUMER
H1II34;HUNTINGTON I;H1II34-HUNTINGTON I
L1YB34;LYONDELLBASE;L1YB34-LYONDELLBASE
MRSA3B;MRS LOGIST;MRSA3B-MRS LOGIST
ORLY34;OREILLY AUT;ORLY34-OREILLY AUT
RYTT34;RAYTHEONTECH;RYTT34-RAYTHEONTECH
T1TW34;TAKE-TWO INT;T1TW34-TAKE-TWO INT
WATC34;WATERS CORP;WATC34-WATERS CORP
A1ME34;AMETEK INC;A1ME34-AMETEK INC
A1ON34;AON PLC;A1ON34-AON PLC
A1RE34;ALEXANDRIA R;A1RE34-ALEXANDRIA R
C1BL34;CHUBB LTD;C1BL34-CHUBB LTD
CEEB5;COELBA;CEEB5-COELBA
MRSA5B;MRS LOGIST;MRSA5B-MRS LOGIST
MRSA6B;MRS LOGIST;MRSA6B-MRS LOGIST
SBNY34;SIGNATURE BK;SBNY34-SIGNATURE BK
W1LT34;WILLIS TOWER;W1LT34-WILLIS TOWER
A1NE34;ARISTA NETWO;A1NE34-ARISTA NETWO
ALPK3;ESTAPAR;ALPK3-ESTAPAR
ARNC34;HOWMET AERO;ARNC34-HOWMET AERO
C1OO34;COOPER COMPA;C1OO34-COOPER COMPA
CPLE5;COPEL;CPLE5-COPEL
E1SS34;ESSEX PROPER;E1SS34-ESSEX PROPER
L1CA34;LABORATORY C;L1CA34-LABORATORY C
L1HX34;L3HARRIS TEC;L1HX34-L3HARRIS TEC
Q1RV34;QORVO INC;Q1RV34-QORVO INC
S1NA34;SNAP-ON INC;S1NA34-SNAP-ON INC
A1TM34;ATMOS ENERGY;A1TM34-ATMOS ENERGY
C1DN34;CADENCE DESI;C1DN34-CADENCE DESI
FLTC34;FLEETCOR TEC;FLTC34-FLEETCOR TEC
AHEB6;SPTURIS;AHEB6-SPTURIS
I1NC34;INCYTE CORP;I1NC34-INCYTE CORP
MSPA4;MELHOR SP;MSPA4-MELHOR SP
R1OL34;ROLLINS INC;R1OL34-ROLLINS INC
J1KH34;JACK HENRY;J1KH34-JACK HENRY
LBRD34;LIBERTY BROA;LBRD34-LIBERTY BROA
M1XI34;MAXIM INTEGR;M1XI34-MAXIM INTEGR
MERC3;MERC FINANC;MERC3-MERC FINANC
AURA32;AURA 360;AURA32-AURA 360
B1RF34;BROADRIDGE F;B1RF34-BROADRIDGE F
BPAC13;BTGP BANCO;BPAC13-BTGP BANCO
C1NS34;CELANESE COR;C1NS34-CELANESE COR
CLXC34;CLOROX CO;CLXC34-CLOROX CO
F1FI34;F5 NETWORKS;F1FI34-F5 NETWORKS
AMBP3;AMBIPAR;AMBP3-AMBIPAR
C1HK34;CHECK POINT;C1HK34-CHECK POINT
PDTC3;PADTEC;PDTC3-PADTEC
CHDC34;CHURCH DWIGH;CHDC34-CHURCH DWIGH
CASN3;CASAN;CASN3-CASAN
DMVF3;D1000VFARMA;DMVF3-D1000VFARMA
LJQQ3;QUERO-QUERO;LJQQ3-QUERO-QUERO
P1SA34;PUBLIC STORA;P1SA34-PUBLIC STORA
SOMA3;GRUPO SOMA;SOMA3-GRUPO SOMA
DVAI34;DAVITA INC;DVAI34-DAVITA INC
P1KI34;PERKINELMER;P1KI34-PERKINELMER
LAVV3;LAVVI;LAVV3-LAVVI
M1LM34;MARTIN MARIE;M1LM34-MARTIN MARIE
PGMN3;PAGUE MENOS;PGMN3-PAGUE MENOS
PTCH34;PETROCHIN;PTCH34-PETROCHIN
THGI34;HANOVER INSU;THGI34-HANOVER INSU
JSLG11;JSL;JSLG11-JSL
MAPT3;CEMEPE;MAPT3-CEMEPE
PETZ3;PETZ;PETZ3-PETZ
CURY3;CURY S-A;CURY3-CURY S-A
PLPL3;PLANOEPLANO;PLPL3-PLANOEPLANO
SIMH3;SIMPAR;SIMH3-SIMPAR
BOAS3;BOA VISTA;BOAS3-BOA VISTA
HBSA3;HIDROVIAS;HBSA3-HIDROVIAS
L1MN34;LUMEN TECH;L1MN34-LUMEN TECH
MELK3;MELNICK;MELK3-MELNICK
A1LN34;ALNYLAM PHAR;A1LN34-ALNYLAM PHAR
B1AM34;BROOKFIELD A;B1AM34-BROOKFIELD A
C1DW34;CDW CORP;C1DW34-CDW CORP
D1EX34;DEXCOM INC;D1EX34-DEXCOM INC
D1OC34;DOCUSIGN INC;D1OC34-DOCUSIGN INC
F1SL34;FASTLY INC;F1SL34-FASTLY INC
GMAT3;GRUPO MATEUS;GMAT3-GRUPO MATEUS
H1ZN34;HORIZON THER;H1ZN34-HORIZON THER
M1DB34;MONGODB INC;M1DB34-MONGODB INC
M1KT34;MARKETAXESS;M1KT34-MARKETAXESS
M1RN34;MODERNA INC;M1RN34-MODERNA INC
N1BI34;NEUROCRINE B;N1BI34-NEUROCRINE B
S1GE34;SEATTLE GENE;S1GE34-SEATTLE GENE
S1RP34;SAREPTA THER;S1RP34-SAREPTA THER
S1TE34;STERIS PLC;S1TE34-STERIS PLC
SEQL3;SEQUOIA LOG;SEQL3-SEQUOIA LOG
T1CH34;BIO-TECHNE C;T1CH34-BIO-TECHNE C
TIMS3;TIM;TIMS3-TIM
Z1BR34;ZEBRA TECHNO;Z1BR34-ZEBRA TECHNO
Z1OM34;ZOOM VIDEO;Z1OM34-ZOOM VIDEO
A1BB34;ABB LTD;A1BB34-ABB LTD
A1CR34;AMCOR PLC;A1CR34-AMCOR PLC
A1EG34;AEGON NV;A1EG34-AEGON NV
A1MX34;AMERICAMOVIL;A1MX34-AMERICAMOVIL
A1RG34;ARGENX SE;A1RG34-ARGENX SE
A1SN34;ASCENDIS PHA;A1SN34-ASCENDIS PHA
A1TH34;AUTOHOME INC;A1TH34-AUTOHOME INC
A1YX34;ALTERYX INC;A1YX34-ALTERYX INC
A1ZN34;ASTRAZENECA;A1ZN34-ASTRAZENECA
B1AX34;BAXTER INTER;B1AX34-BAXTER INTER
B1BL34;BHP GROUP PL;B1BL34-BHP GROUP PL
B1CS34;BARCLAYS PLC;B1CS34-BARCLAYS PLC
B1GN34;BEIGENE LTD;B1GN34-BEIGENE LTD
B1IL34;BILIBILI INC;B1IL34-BILIBILI INC
B1NT34;BIONTECH SE;B1NT34-BIONTECH SE
B1PP34;BP PLC;B1PP34-BP PLC
B1SA34;BANCO SANTAN;B1SA34-BANCO SANTAN
B1TI34;BRITISH AMER;B1TI34-BRITISH AMER
C1AB34;CABLE ONE IN;C1AB34-CABLE ONE IN
C1EO34;CNOOC LTD;C1EO34-CNOOC LTD
C1HI34;CHINA PETROL;C1HI34-CHINA PETROL
C1HL34;CHINA MOBILE;C1HL34-CHINA MOBILE
C1HT34;CHUNGHWA TEL;C1HT34-CHUNGHWA TEL
C1OU34;COUPA SOFTWA;C1OU34-COUPA SOFTWA
C1SU34;CREDIT SUISS;C1SU34-CREDIT SUISS
C1TV34;CORTEVA INC;C1TV34-CORTEVA INC
D1DG34;DATADOG INC;D1DG34-DATADOG INC
D1OW34;DOW INC;D1OW34-DOW INC
E1CO34;ECOPETROL SA;E1CO34-ECOPETROL SA
E1DU34;NEW ORIENTAL;E1DU34-NEW ORIENTAL
E1NI34;ENEL AMERICA;E1NI34-ENEL AMERICA
E1QN34;EQUINOR ASA;E1QN34-EQUINOR ASA
E1RI34;ERICSSON LM;E1RI34-ERICSSON LM
G1FI34;GOLD FIELDS;G1FI34-GOLD FIELDS
G1LP34;GALAPAGOS NV;G1LP34-GALAPAGOS NV
G1SK34;GLAXOSMITHKL;G1SK34-GLAXOSMITHKL
H1DB34;HDFC BANK LT;H1DB34-HDFC BANK LT
H1EI34;HEICO CORP;H1EI34-HEICO CORP
H1SB34;HSBC HOLDING;H1SB34-HSBC HOLDING
I1BN34;ICICI BANK L;I1BN34-ICICI BANK L
I1FO34;INFOSYS LTD;I1FO34-INFOSYS LTD
I1XC34;ORIX CORP;I1XC34-ORIX CORP
K1BF34;KB FINANCIAL;K1BF34-KB FINANCIAL
K1TC34;KT CORP;K1TC34-KT CORP
L1BT35;LIBERTY GLOB;L1BT35-LIBERTY GLOB
L1DO34;LEIDOS HOLDI;L1DO34-LEIDOS HOLDI
L1FC34;CHINA LIFE I;L1FC34-CHINA LIFE I
L1YG34;LLOYDS BANKI;L1YG34-LLOYDS BANKI
M1BT34;MOBILE TELES;M1BT34-MOBILE TELES
M1LC34;MELCO RESORT;M1LC34-MELCO RESORT
N1GG34;NATIONAL GRI;N1GG34-NATIONAL GRI
N1IC34;NICE LTD;N1IC34-NICE LTD
N1OW34;SERVICENOW;N1OW34-SERVICENOW
N1VO34;NOVO NORDISK;N1VO34-NOVO NORDISK
N1VS34;NOVARTIS AG;N1VS34-NOVARTIS AG
N1WG34;NATWEST GROU;N1WG34-NATWEST GROU
P1DD34;PINDUODUO IN;P1DD34-PINDUODUO IN
P1KX34;POSCO;P1KX34-POSCO
P1NR34;PENTAIR PLC;P1NR34-PENTAIR PLC
P1UK34;PRUDENTIAL P;P1UK34-PRUDENTIAL P
R1DY34;DR REDDYS LA;R1DY34-DR REDDYS LA
R1KU34;ROKU INC;R1KU34-ROKU INC
S1GE34;SEAGEN;S1GE34-SEAGEN
S1KM34;SK TELECOM C;S1KM34-SK TELECOM C
S1MF34;SUMITOMO MIT;S1MF34-SUMITOMO MIT
S1PL34;SPLUNK INC;S1PL34-SPLUNK INC
S1RE34;SEMPRA ENERG;S1RE34-SEMPRA ENERG
S1SN34;SSC TECHNOL;S1SN34-SSC TECHNOL
T1AM34;ATLASSIAN CO;T1AM34-ATLASSIAN CO
T1EV34;TEVA PHARMAC;T1EV34-TEVA PHARMAC
T1LK34;PT TELEKOMUN;T1LK34-PT TELEKOMUN
T1WL34;TWILIO INC;T1WL34-TWILIO INC
TFCO4;TRACK FIELD;TFCO4-TRACK FIELD
U1NL34;UNILEVER NV;U1NL34-UNILEVER NV
V1AR34;VARIAN MEDIC;V1AR34-VARIAN MEDIC
V1IP34;VIPSHOP HOLD;V1IP34-VIPSHOP HOLD
V1OD34;VODAFONE GRO;V1OD34-VODAFONE GRO
W1BK34;WESTPAC BANK;W1BK34-WESTPAC BANK
W1BO34;WEIBO CORP;W1BO34-WEIBO CORP
W1MG34;WARNER MUSIC;W1MG34-WARNER MUSIC
W1PP34;WPP PLC;W1PP34-WPP PLC
W1RB34;WR BERKLEY C;W1RB34-WR BERKLEY C
Z1TO34;ZTO EXPRESS;Z1TO34-ZTO EXPRESS
AURA33;AURA 360;AURA33-AURA 360
C1RR34;CARRIER GLOB;C1RR34-CARRIER GLOB
CASH3;MELIUZ;CASH3-MELIUZ
CEPE3;CELPE;CEPE3-CELPE
E1XP34;EXPEDITORS I;E1XP34-EXPEDITORS I
ENJU3;ENJOEI;ENJU3-ENJOEI
I1AC34;IAC INTERACT;I1AC34-IAC INTERACT
L1VS34;LAS VEGAS SA;L1VS34-LAS VEGAS SA
N1WS35;NEWS CORP;N1WS35-NEWS CORP
P1YC34;PAYCOM SOFTW;P1YC34-PAYCOM SOFTW
Q1UE34;QUEST DIAGNO;Q1UE34-QUEST DIAGNO
R1YA34;RYANAIR HOLD;R1YA34-RYANAIR HOLD
T1SS34;TENARIS SA;T1SS34-TENARIS SA
W1IX34;WIX.COM LTD;W1IX34-WIX.COM LTD
AERI3;AERIS;AERI3-AERIS
C1GP34;COSTAR GROUP;C1GP34-COSTAR GROUP
G1DS34;GDS HOLDINGS;G1DS34-GDS HOLDINGS
GPCP3;GPC PART;GPCP3-GPC PART
GPCP4;GPC PART;GPCP4-GPC PART
H1TH34;HUAZHU GROUP;H1TH34-HUAZHU GROUP
I1HG34;INT EXCHANGE;I1HG34-INT EXCHANGE
M1TC34;MATCH GROUP;M1TC34-MATCH GROUP
O1KT34;OKTA INC;O1KT34-OKTA INC
P1PG34;PPG INDUSTRI;P1PG34-PPG INDUSTRI
RRRP3;3R PETROLEUM;RRRP3-3R PETROLEUM
S1NN34;SMITH & NEPH;S1NN34-SMITH & NEPH
T1AL34;TAL EDUCATIO;T1AL34-TAL EDUCATIO
BAAX39;MSCI ASIA JP;BAAX39-MSCI ASIA JP
BACW39;MSCI ACWI;BACW39-MSCI ACWI
BAER39;US AEROSPACE;BAER39-US AEROSPACE
BCHI39;MSCI CHINA;BCHI39-MSCI CHINA
BDVY39;SELECT DIVID;BDVY39-SELECT DIVID
BEEM39;MSCI EMGMARK;BEEM39-MSCI EMGMARK
BEFA39;MSCI EAFE;BEFA39-MSCI EAFE
BEWH39;MSCIHONGKONG;BEWH39-MSCIHONGKONG
BEWJ39;MSCI JAPAN;BEWJ39-MSCI JAPAN
BEWT39;MSCI TAIWAN;BEWT39-MSCI TAIWAN
BEWU39;MSCI UK;BEWU39-MSCI UK
BEWY39;MSCISOUTHKOR;BEWY39-MSCISOUTHKOR
BEWZ39;MSCI BRAZIL;BEWZ39-MSCI BRAZIL
BIAU39;GOLD TRUST;BIAU39-GOLD TRUST
BIBB39;NASDAQ BIOTC;BIBB39-NASDAQ BIOTC
BIEU39;COREMSCI EUR;BIEU39-COREMSCI EUR
BIGF39;GLOBAL INFRA;BIGF39-GLOBAL INFRA
BIWM39;RUSSELL 2000;BIWM39-RUSSELL 2000
BIYF39;US FINANCIAL;BIYF39-US FINANCIAL
BIYW39;US TECHNOLOG;BIYW39-US TECHNOLOG
BNDA39;MSCI INDIA;BNDA39-MSCI INDIA
BSLV39;SILVER TRUST;BSLV39-SILVER TRUST
I1EX34;IDEX CORP;I1EX34-IDEX CORP
I1QV34;IQVIA HOLDIN;I1QV34-IQVIA HOLDIN
O1TI34;OTIS WORLDWI;O1TI34-OTIS WORLDWI
OSXB3;OSX BRASIL;OSXB3-OSX BRASIL
W1SO34;WATSCO INC;W1SO34-WATSCO INC
BEGD39;TRTMSCI EAFE;BEGD39-TRTMSCI EAFE
BEGE39;INC ESG AWAR;BEGE39-INC ESG AWAR
BEGU39;TRUSTMSCI US;BEGU39-TRUSTMSCI US
BEWG39;MSCI GERMANY;BEWG39-MSCI GERMANY
BEWP39;MSCI SPAIN;BEWP39-MSCI SPAIN
BEWW39;MSCI MEXICO;BEWW39-MSCI MEXICO
BEZU39;MSCIEUROZONE;BEZU39-MSCIEUROZONE
BIEF39;COREMSCIEAFE;BIEF39-COREMSCIEAFE
BIEM39;COREMSCI EMK;BIEM39-COREMSCI EMK
BIJH39;CORE MIDCAP;BIJH39-CORE MIDCAP
BIJR39;CORESMALLCAP;BIJR39-CORESMALLCAP
BILF39;LATIN AMER40;BILF39-LATIN AMER40
BITO39;CORE SP TOTA;BITO39-CORE SP TOTA
BIVB39;CORE SP 500;BIVB39-CORE SP 500
BIXJ39;GLOBALHEALTH;BIXJ39-GLOBALHEALTH
BIXN39;GLOBAL TECH;BIXN39-GLOBAL TECH
BUSM39;MSCI US MVOL;BUSM39-MSCI US MVOL
O1DF34;OLD DOMINION;O1DF34-OLD DOMINION
R1EL34;RELX PLC;R1EL34-RELX PLC
RDSA35;RD SHELL;RDSA35-RD SHELL
A1UA34;ANGLOGOLD AS;A1UA34-ANGLOGOLD AS
AVLL3;ALPHAVILLE;AVLL3-ALPHAVILLE
M1UF34;MITSUBISHI U;M1UF34-MITSUBISHI U
NGRD3;NEOGRID;NGRD3-NEOGRID
RDOR3;REDE D OR;RDOR3-REDE D OR
SNSY3;SANSUY;SNSY3-SANSUY
SNSY5;SANSUY;SNSY5-SANSUY
I1QY34;IQIYI INC;I1QY34-IQIYI INC
LSXM35;LIBERTY MEDI;LSXM35-LIBERTY MEDI
S1BS34;SIBANYE STIL;S1BS34-SIBANYE STIL
